alias_id,symbol_id,alias_label,alias_normalized,alias_slug,alias_type
1,1,-Turn,-turn,turn,original
2,2,A,a,a,original
3,3,Aardvark,aardvark,aardvark,original
4,4,Abandonment,abandonment,abandonment,original
5,5,Abduction,abduction,abduction,original
6,6,Aborigine,aborigine,aborigine,original
7,7,Abortion,abortion,abortion,original
8,8,Abscess,abscess,abscess,original
9,9,Absence,absence,absence,original
10,10,Abundance,abundance,abundance,original
11,11,Abuse,abuse,abuse,original
12,12,Abyss,abyss,abyss,original
13,13,"Academy
Awards",academy awards,academy-awards,original
14,14,Accent,accent,accent,original
15,15,Acceptance,acceptance,acceptance,original
16,16,Accident,accident,accident,original
17,17,Accomplice,accomplice,accomplice,original
18,18,Accuse,accuse,accuse,original
19,19,Acquaintance,acquaintance,acquaintance,original
20,20,"Action
Figure",action figure,action-figure,original
21,21,Actor/Actress,actor/actress,actor-actress,original
22,21,Actor,actor,actor,slash_variant
23,21,Actress,actress,actress,slash_variant
24,22,Addict,addict,addict,original
25,23,Admire,admire,admire,original
26,24,Adobe,adobe,adobe,original
27,25,Adopt,adopt,adopt,original
28,26,Adult,adult,adult,original
29,27,Adultery,adultery,adultery,original
30,28,affy,affy,affy,original
31,29,agna,agna,agna,original
32,30,"ater
Tots",ater tots,ater-tots,original
33,31,Baby,baby,baby,original
34,32,"Baby
Carriage",baby carriage,baby-carriage,original
35,33,"Baby
Clothes",baby clothes,baby-clothes,original
36,34,"Baby
Shower",baby shower,baby-shower,original
37,35,Babysitter,babysitter,babysitter,original
38,36,Bachelor,bachelor,bachelor,original
39,37,Back,back,back,original
40,38,Backpacking,backpacking,backpacking,original
41,39,Backseat,backseat,backseat,original
42,40,Backstage,backstage,backstage,original
43,41,Backward,backward,backward,original
44,42,Backyard,backyard,backyard,original
45,43,Badminton,badminton,badminton,original
46,44,Bag,bag,bag,original
47,45,Bagel,bagel,bagel,original
48,46,Bait,bait,bait,original
49,47,Baking,baking,baking,original
50,48,Balaclava,balaclava,balaclava,original
51,49,Balcony,balcony,balcony,original
52,50,Bald,bald,bald,original
53,51,Ball,ball,ball,original
54,52,"Ball
Pit",ball pit,ball-pit,original
55,53,Ballerina,ballerina,ballerina,original
56,54,Ballet,ballet,ballet,original
57,55,Balloon,balloon,balloon,original
58,56,Bamboo,bamboo,bamboo,original
59,57,Band,band,band,original
60,58,Bank,bank,bank,original
61,59,Bankrupt,bankrupt,bankrupt,original
62,60,Banquet,banquet,banquet,original
63,61,Baptism,baptism,baptism,original
64,62,Bar,bar,bar,original
65,63,"Bar
Mitzvah",bar mitzvah,bar-mitzvah,original
66,64,Barbarian,barbarian,barbarian,original
67,65,Barbecue,barbecue,barbecue,original
68,66,"Barbed
Wire",barbed wire,barbed-wire,original
69,67,"Barbie
Doll",barbie doll,barbie-doll,original
70,68,Barcode,barcode,barcode,original
71,69,Bareback,bareback,bareback,original
72,70,Bargain,bargain,bargain,original
73,71,Bark,bark,bark,original
74,72,Barrette,barrette,barrette,original
75,73,Barrier,barrier,barrier,original
76,74,Barrister,barrister,barrister,original
77,75,Ca,ca,ca,original
78,76,Ca,ca,ca,original
79,77,Cab,cab,cab,original
80,78,Cabbage,cabbage,cabbage,original
81,79,Cabinet,cabinet,cabinet,original
82,80,"Cable
Car",cable car,cable-car,original
83,81,Caboose,caboose,caboose,original
84,82,Cactus,cactus,cactus,original
85,83,Cadaver,cadaver,cadaver,original
86,84,Cage,cage,cage,original
87,85,Cake,cake,cake,original
88,86,Calculator,calculator,calculator,original
89,87,Calf,calf,calf,original
90,88,California,california,california,original
91,89,Caliper,caliper,caliper,original
92,90,"Calling
Card",calling card,calling-card,original
93,91,Camera,camera,camera,original
94,92,Camper,camper,camper,original
95,93,Campfire,campfire,campfire,original
96,94,Camping,camping,camping,original
97,95,Can,can,can,original
98,96,Canada,canada,canada,original
99,97,Cancel,cancel,cancel,original
100,98,"Candle
Wax",candle wax,candle-wax,original
101,99,Candy,candy,candy,original
102,100,Cane,cane,cane,original
103,101,Cannon,cannon,cannon,original
104,102,Cannonball,cannonball,cannonball,original
105,103,Canopy,canopy,canopy,original
106,104,Cantaloupe,cantaloupe,cantaloupe,original
107,105,Canyon,canyon,canyon,original
108,106,Cap,cap,cap,original
109,107,"Cap
And Gown",cap and gown,cap-and-gown,original
110,108,Cape,cape,cape,original
111,109,Captain,captain,captain,original
112,110,Captive,captive,captive,original
113,111,Car,car,car,original
114,112,"Car
Dealership",car dealership,car-dealership,original
115,113,"Car
Show",car show,car-show,original
116,114,Caramel,caramel,caramel,original
117,115,Caravan,caravan,caravan,original
118,116,Cards,cards,cards,original
119,117,Cargo,cargo,cargo,original
120,118,Carp,carp,carp,original
121,119,Carpet,carpet,carpet,original
122,120,"Carrom
Board",carrom board,carrom-board,original
123,121,Cartoon,cartoon,cartoon,original
124,122,Cartwheels,cartwheels,cartwheels,original
125,123,Carving,carving,carving,original
126,124,"Cash
Register",cash register,cash-register,original
127,125,Cashmere,cashmere,cashmere,original
128,126,Casket,casket,casket,original
129,127,Cassowary,cassowary,cassowary,original
130,128,Castle,castle,castle,original
131,129,chman,chman,chman,original
132,130,cupuncture,cupuncture,cupuncture,original
133,131,Dachshund,dachshund,dachshund,original
134,132,"Dalai
Lama",dalai lama,dalai-lama,original
135,133,Damn,damn,damn,original
136,134,Dance,dance,dance,original
137,135,"Dance
Class",dance class,dance-class,original
138,136,"Dance
Floor",dance floor,dance-floor,original
139,137,Dandelion,dandelion,dandelion,original
140,138,Dandruff,dandruff,dandruff,original
141,139,Darkness,darkness,darkness,original
142,140,Dartboard,dartboard,dartboard,original
143,141,Dashboard,dashboard,dashboard,original
144,142,Date,date,date,original
145,143,Dead,dead,dead,original
146,144,Death,death,death,original
147,145,"Death
Penalty",death penalty,death-penalty,original
148,146,Debt,debt,debt,original
149,147,"Debutante
Ball",debutante ball,debutante-ball,original
150,148,Decapitation,decapitation,decapitation,original
151,149,Decay,decay,decay,original
152,150,Deception,deception,deception,original
153,151,Deep,deep,deep,original
154,152,Deer,deer,deer,original
155,153,Defecate,defecate,defecate,original
156,154,Defend,defend,defend,original
157,155,Deformed,deformed,deformed,original
158,156,"Deja
Vu",deja vu,deja-vu,original
159,157,Delinquent,delinquent,delinquent,original
160,158,Deliverance,deliverance,deliverance,original
161,159,Dementia,dementia,dementia,original
162,160,Demons,demons,demons,original
163,161,Demotion,demotion,demotion,original
164,162,Deodorant,deodorant,deodorant,original
165,163,"Department
Store",department store,department-store,original
166,164,Deportation,deportation,deportation,original
167,165,Depression,depression,depression,original
168,166,Desert,desert,desert,original
169,167,Destruction,destruction,destruction,original
170,168,dillac,dillac,dillac,original
171,169,Earmuffs,earmuffs,earmuffs,original
172,170,Earphones,earphones,earphones,original
173,171,Earplugs,earplugs,earplugs,original
174,172,Earrings,earrings,earrings,original
175,173,Ears,ears,ears,original
176,174,Earth,earth,earth,original
177,175,Earthquake,earthquake,earthquake,original
178,176,Earthworm,earthworm,earthworm,original
179,177,East,east,east,original
180,178,Easter,easter,easter,original
181,179,Easter,easter,easter,original
182,180,Eating,eating,eating,original
183,181,Ebook,ebook,ebook,original
184,182,Egg,egg,egg,original
185,183,Eggplant,eggplant,eggplant,original
186,184,Eggshells,eggshells,eggshells,original
187,185,"Eiffel
Tower",eiffel tower,eiffel-tower,original
188,186,Elbows,elbows,elbows,original
189,187,Elderly,elderly,elderly,original
190,188,"Electric
Chair",electric chair,electric-chair,original
191,189,"Electric
Fence",electric fence,electric-fence,original
192,190,"Electric
Guitar",electric guitar,electric-guitar,original
193,191,Electricity,electricity,electricity,original
194,192,"Electricity
Tower",electricity tower,electricity-tower,original
195,193,"Elemental
Bending",elemental bending,elemental-bending,original
196,194,Elephant,elephant,elephant,original
197,195,Elevator,elevator,elevator,original
198,196,Elf,elf,elf,original
199,197,Email,email,email,original
200,198,Emblem,emblem,emblem,original
201,199,Embryo,embryo,embryo,original
202,200,"Emergency
Alert",emergency alert,emergency-alert,original
203,201,Emoticon,emoticon,emoticon,original
204,202,Emotionless,emotionless,emotionless,original
205,203,Emotions,emotions,emotions,original
206,204,Emu,emu,emu,original
207,205,Enclosure,enclosure,enclosure,original
208,206,Face,face,face,original
209,207,Faceless,faceless,faceless,original
210,208,Facelift,facelift,facelift,original
211,209,Factory,factory,factory,original
212,210,Fade,fade,fade,original
213,211,Fainting,fainting,fainting,original
214,212,Fair,fair,fair,original
215,213,Fairy,fairy,fairy,original
216,214,"Fairy
Tale",fairy tale,fairy-tale,original
217,215,Fajita,fajita,fajita,original
218,216,Fall,fall,fall,original
219,217,Family,family,family,original
220,218,"Family
Guy",family guy,family-guy,original
221,219,Fan,fan,fan,original
222,220,Fancy,fancy,fancy,original
223,221,Fangs,fangs,fangs,original
224,222,"Fanny
Pack",fanny pack,fanny-pack,original
225,223,Far,far,far,original
226,224,Farewell,farewell,farewell,original
227,225,Farmer,farmer,farmer,original
228,226,"Farmer's
Market",farmer s market,farmer-s-market,original
229,227,Farting,farting,farting,original
230,228,Fasting,fasting,fasting,original
231,229,Fat,fat,fat,original
232,230,Fate,fate,fate,original
233,231,Father,father,father,original
234,232,Faucet,faucet,faucet,original
235,233,Feast,feast,feast,original
236,234,Feather,feather,feather,original
237,235,"Feather
Duster",feather duster,feather-duster,original
238,236,Feces,feces,feces,original
239,237,Feet,feet,feet,original
240,238,Fence,fence,fence,original
241,239,Ferns,ferns,ferns,original
242,240,Ferret,ferret,ferret,original
243,241,Ferry,ferry,ferry,original
244,242,Fetus,fetus,fetus,original
245,243,Fiancé,fiance,fiance,original
246,244,"Fictional
Character",fictional character,fictional-character,original
247,245,Fighting,fighting,fighting,original
248,246,Gala,gala,gala,original
249,247,Galaxy,galaxy,galaxy,original
250,248,Gambling,gambling,gambling,original
251,249,Game Show,game show,game-show,original
252,250,Gang,gang,gang,original
253,251,Garbage,garbage,garbage,original
254,252,"Garbage
Disposal",garbage disposal,garbage-disposal,original
255,253,Garland,garland,garland,original
256,254,Gasoline,gasoline,gasoline,original
257,255,Gasp,gasp,gasp,original
258,256,Gate,gate,gate,original
259,257,Gathering,gathering,gathering,original
260,258,Gauntlet,gauntlet,gauntlet,original
261,259,Geisha,geisha,geisha,original
262,260,Gender,gender,gender,original
263,261,General,general,general,original
264,262,Genitals,genitals,genitals,original
265,263,Genocide,genocide,genocide,original
266,264,Geode,geode,geode,original
267,265,Geometry,geometry,geometry,original
268,266,Georgia,georgia,georgia,original
269,267,"German
Shepherd",german shepherd,german-shepherd,original
270,268,Ghost,ghost,ghost,original
271,269,Ghoul,ghoul,ghoul,original
272,270,Gift,gift,gift,original
273,271,"Gift
Card",gift card,gift-card,original
274,272,Gills,gills,gills,original
275,273,Habit,habit,habit,original
276,274,Hair,hair,hair,original
277,275,Haircut,haircut,haircut,original
278,276,Hairdresser,hairdresser,hairdresser,original
279,277,Hairpiece,hairpiece,hairpiece,original
280,278,hakis,hakis,hakis,original
281,279,Half,half,half,original
282,280,Halloween,halloween,halloween,original
283,281,Hallucination,hallucination,hallucination,original
284,282,Ham,ham,ham,original
285,283,Hamburger,hamburger,hamburger,original
286,284,Hamlet,hamlet,hamlet,original
287,285,Hammock,hammock,hammock,original
288,286,Hamster,hamster,hamster,original
289,287,"Hamster
Wheel",hamster wheel,hamster-wheel,original
290,288,Hand,hand,hand,original
291,289,Handball,handball,handball,original
292,290,Handcuffs,handcuffs,handcuffs,original
293,291,Handicap,handicap,handicap,original
294,292,Handprint,handprint,handprint,original
295,293,Handshake,handshake,handshake,original
296,294,Handsome,handsome,handsome,original
297,295,Handstand,handstand,handstand,original
298,296,Handwriting,handwriting,handwriting,original
299,297,Hangar,hangar,hangar,original
300,298,Hanger,hanger,hanger,original
301,299,Hanging,hanging,hanging,original
302,300,Hangman,hangman,hangman,original
303,301,Happy,happy,happy,original
304,302,Harass,harass,harass,original
305,303,Harbor,harbor,harbor,original
306,304,Harem,harem,harem,original
307,305,"Harley
Quinn",harley quinn,harley-quinn,original
308,306,Harmonica,harmonica,harmonica,original
309,307,Harpoon,harpoon,harpoon,original
310,308,"Harry
Potter",harry potter,harry-potter,original
311,309,Hatch,hatch,hatch,original
312,310,Hate,hate,hate,original
313,311,Haunted,haunted,haunted,original
314,312,"Haunted
House",haunted house,haunted-house,original
315,313,Hawk,hawk,hawk,original
316,314,Hay,hay,hay,original
317,315,Head,head,head,original
318,316,Headache,headache,headache,original
319,317,Headboard,headboard,headboard,original
320,318,Headless,headless,headless,original
321,319,Headphones,headphones,headphones,original
322,320,Headstone,headstone,headstone,original
323,321,Hear,hear,hear,original
324,322,Hearse,hearse,hearse,original
325,323,"Ice
Cream",ice cream,ice-cream,original
326,324,"Ice
Maker",ice maker,ice-maker,original
327,325,Icing,icing,icing,original
328,326,"Identity
Theft",identity theft,identity-theft,original
329,327,Ignition,ignition,ignition,original
330,328,Ignorance,ignorance,ignorance,original
331,329,Ignore,ignore,ignore,original
332,330,Illness,illness,illness,original
333,331,Immigrant,immigrant,immigrant,original
334,332,Immolation,immolation,immolation,original
335,333,Immortal,immortal,immortal,original
336,334,Immunity,immunity,immunity,original
337,335,Impale,impale,impale,original
338,336,Implants,implants,implants,original
339,337,Implosion,implosion,implosion,original
340,338,Imprint,imprint,imprint,original
341,339,Imprisonment,imprisonment,imprisonment,original
342,340,In-Law,in-law,in-law,original
343,341,Incest,incest,incest,original
344,342,"Incredible
Hulk",incredible hulk,incredible-hulk,original
345,343,Incubator,incubator,incubator,original
346,344,Indecision,indecision,indecision,original
347,345,India,india,india,original
348,346,Indian,indian,indian,original
349,347,Indifferent,indifferent,indifferent,original
350,348,Infertile,infertile,infertile,original
351,349,Infestation,infestation,infestation,original
352,350,Infinity,infinity,infinity,original
353,351,Island,island,island,original
354,352,Jabberwock,jabberwock,jabberwock,original
355,353,Jack,jack,jack,original
356,354,"Jack
Frost",jack frost,jack-frost,original
357,355,Jackal,jackal,jackal,original
358,356,Jacket,jacket,jacket,original
359,357,Jackfruit,jackfruit,jackfruit,original
360,358,Jacuzzi,jacuzzi,jacuzzi,original
361,359,Jade,jade,jade,original
362,360,Jail,jail,jail,original
363,361,Jailbreak,jailbreak,jailbreak,original
364,362,Japan,japan,japan,original
365,363,Jar,jar,jar,original
366,364,Jaw,jaw,jaw,original
367,365,"Jay
Leno",jay leno,jay-leno,original
368,366,Jazz,jazz,jazz,original
369,367,Jedi,jedi,jedi,original
370,368,Jeep,jeep,jeep,original
371,369,Jelly,jelly,jelly,original
372,370,Jellyfish,jellyfish,jellyfish,original
373,371,Jerk,jerk,jerk,original
374,372,Jester,jester,jester,original
375,373,Jesus,jesus,jesus,original
376,374,"Jet
Fuel",jet fuel,jet-fuel,original
377,375,"Jet
Ski",jet ski,jet-ski,original
378,376,Jetty,jetty,jetty,original
379,377,Jewelry,jewelry,jewelry,original
380,378,"Jewelry
Box",jewelry box,jewelry-box,original
381,379,Jitterbug,jitterbug,jitterbug,original
382,380,Job,job,job,original
383,381,Joint,joint,joint,original
384,382,Joker,joker,joker,original
385,383,Journal,journal,journal,original
386,384,"Julius
Caesar",julius caesar,julius-caesar,original
387,385,Jumbotron,jumbotron,jumbotron,original
388,386,Jumping,jumping,jumping,original
389,387,"Jumping
Jacks",jumping jacks,jumping-jacks,original
390,388,Jumpsuit,jumpsuit,jumpsuit,original
391,389,Jungle,jungle,jungle,original
392,390,Junkyard,junkyard,junkyard,original
393,391,K,k,k,original
394,392,Kali,kali,kali,original
395,393,Karaoke,karaoke,karaoke,original
396,394,Karate,karate,karate,original
397,395,Kerosene,kerosene,kerosene,original
398,396,Key,key,key,original
399,397,Ki,ki,ki,original
400,398,Kick,kick,kick,original
401,399,"Kick
Scooter",kick scooter,kick-scooter,original
402,400,Kidnap,kidnap,kidnap,original
403,401,Killing,killing,killing,original
404,402,Kimono,kimono,kimono,original
405,403,Kindergarten,kindergarten,kindergarten,original
406,404,King,king,king,original
407,405,"King
Kong",king kong,king-kong,original
408,406,Kiosk,kiosk,kiosk,original
409,407,Kiss,kiss,kiss,original
410,408,Kitchen,kitchen,kitchen,original
411,409,Kitten,kitten,kitten,original
412,410,Knapsack,knapsack,knapsack,original
413,411,Knife,knife,knife,original
414,412,Knitting,knitting,knitting,original
415,413,Knocker,knocker,knocker,original
416,414,Knocking,knocking,knocking,original
417,415,Koala,koala,koala,original
418,416,"Koi
Fish",koi fish,koi-fish,original
419,417,"Komodo
Dragon",komodo dragon,komodo-dragon,original
420,418,Kookaburra,kookaburra,kookaburra,original
421,419,Kraken,kraken,kraken,original
422,420,Kumquats,kumquats,kumquats,original
423,421,"Lab
Coat",lab coat,lab-coat,original
424,422,Labor,labor,labor,original
425,423,Labrador,labrador,labrador,original
426,424,Lactating,lactating,lactating,original
427,425,Ladybug,ladybug,ladybug,original
428,426,Lair,lair,lair,original
429,427,Lake,lake,lake,original
430,428,Lamborghini,lamborghini,lamborghini,original
431,429,Lamia,lamia,lamia,original
432,430,Lamp,lamp,lamp,original
433,431,Lamppost,lamppost,lamppost,original
434,432,Lanai,lanai,lanai,original
435,433,Landfill,landfill,landfill,original
436,434,Landing,landing,landing,original
437,435,Landlord,landlord,landlord,original
438,436,Landscape,landscape,landscape,original
439,437,Landslide,landslide,landslide,original
440,438,Laptop,laptop,laptop,original
441,439,Lar,lar,lar,original
442,440,Las,las,las,original
443,441,"Las
Vegas",las vegas,las-vegas,original
444,442,Laser,laser,laser,original
445,443,Late,late,late,original
446,444,Lau,lau,lau,original
447,445,Laughing,laughing,laughing,original
448,446,Laundry,laundry,laundry,original
449,447,"Lawn
Chair",lawn chair,lawn-chair,original
450,448,Laxative,laxative,laxative,original
451,449,Leaflet,leaflet,leaflet,original
452,450,Leash,leash,leash,original
453,451,Leaves,leaves,leaves,original
454,452,Leaving,leaving,leaving,original
455,453,"lla
Lily",lla lily,lla-lily,original
456,454,ller,ller,ller,original
457,455,M&M,m and m,m-and-m,original
458,456,Macaroon,macaroon,macaroon,original
459,457,Machete,machete,machete,original
460,458,"Machine
Gun",machine gun,machine-gun,original
461,459,Mafia,mafia,mafia,original
462,460,Magazine,magazine,magazine,original
463,461,Maggot,maggot,maggot,original
464,462,"Magic
Carpet",magic carpet,magic-carpet,original
465,463,"Magic
Mirror",magic mirror,magic-mirror,original
466,464,"Magnolia
Tree",magnolia tree,magnolia-tree,original
467,465,Mahjong,mahjong,mahjong,original
468,466,Mahogany,mahogany,mahogany,original
469,467,Maid,maid,maid,original
470,468,Mail,mail,mail,original
471,469,Mailbox,mailbox,mailbox,original
472,470,Mailman,mailman,mailman,original
473,471,Maintenance,maintenance,maintenance,original
474,472,Majorette,majorette,majorette,original
475,473,Makeup,makeup,makeup,original
476,474,"Making
Out",making out,making-out,original
477,475,Mall,mall,mall,original
478,476,Mammoth,mammoth,mammoth,original
479,477,Man,man,man,original
480,478,Manatee,manatee,manatee,original
481,479,Mane,mane,mane,original
482,480,Mango,mango,mango,original
483,481,Manicure,manicure,manicure,original
484,482,Mannequin,mannequin,mannequin,original
485,483,Mansion,mansion,mansion,original
486,484,"Manta
Ray",manta ray,manta-ray,original
487,485,Maple,maple,maple,original
488,486,Marble,marble,marble,original
489,487,"Marching
Band",marching band,marching-band,original
490,488,Mariachi,mariachi,mariachi,original
491,489,Marijuana,marijuana,marijuana,original
492,490,"Marilyn
Monroe",marilyn monroe,marilyn-monroe,original
493,491,Marina,marina,marina,original
494,492,Markers,markers,markers,original
495,493,Market,market,market,original
496,494,Marlin,marlin,marlin,original
497,495,Marriage,marriage,marriage,original
498,496,Marshmallows,marshmallows,marshmallows,original
499,497,Marsupial,marsupial,marsupial,original
500,498,Mascara,mascara,mascara,original
501,499,Mascot,mascot,mascot,original
502,500,Nail,nail,nail,original
503,501,"Nail
Polish",nail polish,nail-polish,original
504,502,Naive,naive,naive,original
505,503,Naked,naked,naked,original
506,504,Name,name,name,original
507,505,Nanny,nanny,nanny,original
508,506,Nap,nap,nap,original
509,507,Narcoleptic,narcoleptic,narcoleptic,original
510,508,Narcosis,narcosis,narcosis,original
511,509,Narrow,narrow,narrow,original
512,510,NASA,nasa,nasa,original
513,511,"Native
Country",native country,native-country,original
514,512,Nativity,nativity,nativity,original
515,513,Nature,nature,nature,original
516,514,Nautilus,nautilus,nautilus,original
517,515,Navel,navel,navel,original
518,516,Nazi,nazi,nazi,original
519,517,ndromat,ndromat,ndromat,original
520,518,"Near
Death Experience",near death experience,near-death-experience,original
521,519,Nebula,nebula,nebula,original
522,520,Necklace,necklace,necklace,original
523,521,Nectarine,nectarine,nectarine,original
524,522,Need,need,need,original
525,523,Needle,needle,needle,original
526,524,Negatives,negatives,negatives,original
527,525,Neglect,neglect,neglect,original
528,526,Neighborhood,neighborhood,neighborhood,original
529,527,Nerd,nerd,nerd,original
530,528,"Nervous
Breakdown",nervous breakdown,nervous-breakdown,original
531,529,Nest,nest,nest,original
532,530,New,new,new,original
533,531,Oar,oar,oar,original
534,532,Obese,obese,obese,original
535,533,Oblivious,oblivious,oblivious,original
536,534,Ocean,ocean,ocean,original
537,535,Octopus,octopus,octopus,original
538,536,Odometer,odometer,odometer,original
539,537,Odor,odor,odor,original
540,538,Offal,offal,offal,original
541,539,Office,office,office,original
542,540,"Office
Chair",office chair,office-chair,original
543,541,"Oil
Lamp",oil lamp,oil-lamp,original
544,542,"Oil
Platform",oil platform,oil-platform,original
545,543,Old,old,old,original
546,544,Omen,omen,omen,original
547,545,"Online
Game",online game,online-game,original
548,546,"Open
Floor Plan",open floor plan,open-floor-plan,original
549,547,Opera,opera,opera,original
550,548,ottle,ottle,ottle,original
551,549,Pac Man,pac man,pac-man,original
552,550,Pacifier,pacifier,pacifier,original
553,551,Package,package,package,original
554,552,Packing,packing,packing,original
555,553,Pagan,pagan,pagan,original
556,554,Pageant,pageant,pageant,original
557,555,Pager,pager,pager,original
558,556,Pain,pain,pain,original
559,557,Paint,paint,paint,original
560,558,Paintball,paintball,paintball,original
561,559,Paintbrush,paintbrush,paintbrush,original
562,560,Painting,painting,painting,original
563,561,Pajamas,pajamas,pajamas,original
564,562,Palette,palette,palette,original
565,563,"Palm
Reading",palm reading,palm-reading,original
566,564,Palpitations,palpitations,palpitations,original
567,565,Pan,pan,pan,original
568,566,Pancake,pancake,pancake,original
569,567,Panda,panda,panda,original
570,568,"Pandora's
Box",pandora s box,pandora-s-box,original
571,569,Pangolin,pangolin,pangolin,original
572,570,Panic,panic,panic,original
573,571,Panther,panther,panther,original
574,572,Panties,panties,panties,original
575,573,Pantry,pantry,pantry,original
576,574,Pants,pants,pants,original
577,575,Pantyhose,pantyhose,pantyhose,original
578,576,Paparazzi,paparazzi,paparazzi,original
579,577,Paper,paper,paper,original
580,578,"Paper
Plane",paper plane,paper-plane,original
581,579,"Paper
Plates",paper plates,paper-plates,original
582,580,Paprika,paprika,paprika,original
583,581,Parade,parade,parade,original
584,582,Parakeets,parakeets,parakeets,original
585,583,Parallel,parallel,parallel,original
586,584,Paralyzed,paralyzed,paralyzed,original
587,585,Paranoia,paranoia,paranoia,original
588,586,Paranormal,paranormal,paranormal,original
589,587,Parchment,parchment,parchment,original
590,588,Paris,paris,paris,original
591,589,Park,park,park,original
592,590,Park Ranger,park ranger,park-ranger,original
593,591,"Parking
Lot",parking lot,parking-lot,original
594,592,"Parking
Meter",parking meter,parking-meter,original
595,593,"Parking
Ticket",parking ticket,parking-ticket,original
596,594,Parkour,parkour,parkour,original
597,595,Parrot,parrot,parrot,original
598,596,"Partner
Swapping",partner swapping,partner-swapping,original
599,597,Party,party,party,original
600,598,Passageway,passageway,passageway,original
601,599,Passport,passport,passport,original
602,600,"Past
Life",past life,past-life,original
603,601,Pasta,pasta,pasta,original
604,602,Pastel,pastel,pastel,original
605,603,Pastry,pastry,pastry,original
606,604,Polo,polo,polo,original
607,605,Quadruplets,quadruplets,quadruplets,original
608,606,Quartz,quartz,quartz,original
609,607,Queen,queen,queen,original
610,608,Question,question,question,original
611,609,Quintuplets,quintuplets,quintuplets,original
612,610,Rabbit,rabbit,rabbit,original
613,611,Rabies,rabies,rabies,original
614,612,Raccoon,raccoon,raccoon,original
615,613,Race,race,race,original
616,614,"Race
Car",race car,race-car,original
617,615,Racetrack,racetrack,racetrack,original
618,616,Racism,racism,racism,original
619,617,Radio,radio,radio,original
620,618,Railing,railing,railing,original
621,619,Railroad,railroad,railroad,original
622,620,"Railroad
Crossing",railroad crossing,railroad-crossing,original
623,621,Rain,rain,rain,original
624,622,Rainbow,rainbow,rainbow,original
625,623,Raincoat,raincoat,raincoat,original
626,624,Rambling,rambling,rambling,original
627,625,Ramp,ramp,ramp,original
628,626,Ranch,ranch,ranch,original
629,627,Rape,rape,rape,original
630,628,Rapids,rapids,rapids,original
631,629,Rare,rare,rare,original
632,630,Rash,rash,rash,original
633,631,Rats,rats,rats,original
634,632,Ravine,ravine,ravine,original
635,633,"Razor
Blade",razor blade,razor-blade,original
636,634,"RC
Car",rc car,rc-car,original
637,635,Reading,reading,reading,original
638,636,"Rear
Ended",rear ended,rear-ended,original
639,637,Receipt,receipt,receipt,original
640,638,Recipe,recipe,recipe,original
641,639,Recliner,recliner,recliner,original
642,640,Reconcilement,reconcilement,reconcilement,original
643,641,Record,record,record,original
644,642,Recovery,recovery,recovery,original
645,643,Rectangle,rectangle,rectangle,original
646,644,"Red
Carpet",red carpet,red-carpet,original
647,645,"Red
Giant",red giant,red-giant,original
648,646,"Red
Snapper",red snapper,red-snapper,original
649,647,Reenactment,reenactment,reenactment,original
650,648,Reflection,reflection,reflection,original
651,649,Refrigerator,refrigerator,refrigerator,original
652,650,"ring
Hole",ring hole,ring-hole,original
653,651,Sabotage,sabotage,sabotage,original
654,652,Sad,sad,sad,original
655,653,Safari,safari,safari,original
656,654,"Safe
Haven",safe haven,safe-haven,original
657,655,"Safety
Pin",safety pin,safety-pin,original
658,656,Salad,salad,salad,original
659,657,Salamander,salamander,salamander,original
660,658,Sale,sale,sale,original
661,659,Saliva,saliva,saliva,original
662,660,Salon,salon,salon,original
663,661,Saloon,saloon,saloon,original
664,662,Salt,salt,salt,original
665,663,Sample,sample,sample,original
666,664,"Sand
Dunes",sand dunes,sand-dunes,original
667,665,Sandals,sandals,sandals,original
668,666,Sandbag,sandbag,sandbag,original
669,667,Sandbox,sandbox,sandbox,original
670,668,Sandpaper,sandpaper,sandpaper,original
671,669,Sandwich,sandwich,sandwich,original
672,670,"Santa
Claus",santa claus,santa-claus,original
673,671,Sanyasi,sanyasi,sanyasi,original
674,672,Sarcasm,sarcasm,sarcasm,original
675,673,Satan,satan,satan,original
676,674,"Satellite
Dish",satellite dish,satellite-dish,original
677,675,Satin,satin,satin,original
678,676,Saturday,saturday,saturday,original
679,677,Satyr,satyr,satyr,original
680,678,Sauce,sauce,sauce,original
681,679,Saucer,saucer,saucer,original
682,680,Sauna,sauna,sauna,original
683,681,Sausage,sausage,sausage,original
684,682,Savanna,savanna,savanna,original
685,683,Scaffolding,scaffolding,scaffolding,original
686,684,Scald,scald,scald,original
687,685,Scantron,scantron,scantron,original
688,686,Scar,scar,scar,original
689,687,Scarab,scarab,scarab,original
690,688,Scared,scared,scared,original
691,689,Scarf,scarf,scarf,original
692,690,Scepter,scepter,scepter,original
693,691,Schizophrenia,schizophrenia,schizophrenia,original
694,692,Schnauzer,schnauzer,schnauzer,original
695,693,School,school,school,original
696,694,"School
Bus",school bus,school-bus,original
697,695,Scold,scold,scold,original
698,696,Scooter,scooter,scooter,original
699,697,Scorpion,scorpion,scorpion,original
700,698,Scrabble,scrabble,scrabble,original
701,699,Scratch,scratch,scratch,original
702,700,Scream,scream,scream,original
703,701,Screen,screen,screen,original
704,702,Screwdriver,screwdriver,screwdriver,original
705,703,Scrubs,scrubs,scrubs,original
706,704,Sculptor,sculptor,sculptor,original
707,705,Sculpture,sculpture,sculpture,original
708,706,Scythe,scythe,scythe,original
709,707,Sea,sea,sea,original
710,708,"Sea
Creature",sea creature,sea-creature,original
711,709,"Sea
Horse",sea horse,sea-horse,original
712,710,"Sea
Turtle",sea turtle,sea-turtle,original
713,711,Seafood,seafood,seafood,original
714,712,Seal,seal,seal,original
715,713,Search,search,search,original
716,714,Seashells,seashells,seashells,original
717,715,Seasick,seasick,seasick,original
718,716,T,t,t,original
719,717,T,t,t,original
720,718,Table,table,table,original
721,719,Tag,tag,tag,original
722,720,"Taj
Mahal",taj mahal,taj-mahal,original
723,721,Takeout,takeout,takeout,original
724,722,Talking,talking,talking,original
725,723,Tall,tall,tall,original
726,724,Talons,talons,talons,original
727,725,Tamale,tamale,tamale,original
728,726,Tame,tame,tame,original
729,727,Tampon,tampon,tampon,original
730,728,Tandem,tandem,tandem,original
731,729,Tangerine,tangerine,tangerine,original
732,730,Tank,tank,tank,original
733,731,Tanzanite,tanzanite,tanzanite,original
734,732,Tapping,tapping,tapping,original
735,733,Tar,tar,tar,original
736,734,Tarantula,tarantula,tarantula,original
737,735,"Tarot
Cards",tarot cards,tarot-cards,original
738,736,Tartan,tartan,tartan,original
739,737,Taser,taser,taser,original
740,738,Tattoo,tattoo,tattoo,original
741,739,"Tea
Bag",tea bag,tea-bag,original
742,740,"Tea
House",tea house,tea-house,original
743,741,Teacher,teacher,teacher,original
744,742,Teal,teal,teal,original
745,743,Team,team,team,original
746,744,Tears,tears,tears,original
747,745,"Teddy
Bear",teddy bear,teddy-bear,original
748,746,Teenager,teenager,teenager,original
749,747,Teepee,teepee,teepee,original
750,748,Teeth,teeth,teeth,original
751,749,Telekinesis,telekinesis,telekinesis,original
752,750,Telepathy,telepathy,telepathy,original
753,751,Telephone,telephone,telephone,original
754,752,"Telephone
Booth",telephone booth,telephone-booth,original
755,753,"Telephone
Charger",telephone charger,telephone-charger,original
756,754,Teleportation,teleportation,teleportation,original
757,755,Television,television,television,original
758,756,Temple,temple,temple,original
759,757,Tennis,tennis,tennis,original
760,758,"Tennis
Court",tennis court,tennis-court,original
761,759,"Tent
Pegging",tent pegging,tent-pegging,original
762,760,Tentacles,tentacles,tentacles,original
763,761,Tequila,tequila,tequila,original
764,762,UFO,ufo,ufo,original
765,763,"Ultraviolet
Light",ultraviolet light,ultraviolet-light,original
766,764,"Umbilical
Cord",umbilical cord,umbilical-cord,original
767,765,Umbrella,umbrella,umbrella,original
768,766,Uncle,uncle,uncle,original
769,767,Undead,undead,undead,original
770,768,Under,under,under,original
771,769,Undercover,undercover,undercover,original
772,770,Underwater,underwater,underwater,original
773,771,Underwear,underwear,underwear,original
774,772,Unemployed,unemployed,unemployed,original
775,773,Unibrow,unibrow,unibrow,original
776,774,Unknown,unknown,unknown,original
777,775,Unprepared,unprepared,unprepared,original
778,776,Unwrap,unwrap,unwrap,original
779,777,Up,up,up,original
780,778,Uproot,uproot,uproot,original
781,779,"Upside
Down",upside down,upside-down,original
782,780,Upstairs,upstairs,upstairs,original
783,781,Uranium,uranium,uranium,original
784,782,Urination,urination,urination,original
785,783,Urn,urn,urn,original
786,784,"USB
Drive",usb drive,usb-drive,original
787,785,va,va,va,original
788,786,Vacation,vacation,vacation,original
789,787,Vacuum,vacuum,vacuum,original
790,788,Vagina,vagina,vagina,original
791,789,Valedictorian,valedictorian,valedictorian,original
792,790,"Valentine's
Day",valentine s day,valentine-s-day,original
793,791,Valley,valley,valley,original
794,792,Vampire,vampire,vampire,original
795,793,Van,van,van,original
796,794,Vasectomy,vasectomy,vasectomy,original
797,795,Vault,vault,vault,original
798,796,VCR,vcr,vcr,original
799,797,Veal,veal,veal,original
800,798,Velcro,velcro,velcro,original
801,799,Velociraptor,velociraptor,velociraptor,original
802,800,Venom,venom,venom,original
803,801,Vent,vent,vent,original
804,802,Veterinarian,veterinarian,veterinarian,original
805,803,Vibrator,vibrator,vibrator,original
806,804,Victorian,victorian,victorian,original
807,805,Video,video,video,original
808,806,"Video
Camera",video camera,video-camera,original
809,807,"Video
Chat",video chat,video-chat,original
810,808,"Video
Game",video game,video-game,original
811,809,Vigil,vigil,vigil,original
812,810,Viking,viking,viking,original
813,811,Village,village,village,original
814,812,Villain,villain,villain,original
815,813,Viola,viola,viola,original
816,814,Violated,violated,violated,original
817,815,Violence,violence,violence,original
818,816,Virgin,virgin,virgin,original
819,817,"Virgin
Mary",virgin mary,virgin-mary,original
820,818,Virus,virus,virus,original
821,819,Vishnu,vishnu,vishnu,original
822,820,Vision,vision,vision,original
823,821,Vitamins,vitamins,vitamins,original
824,822,Vivisection,vivisection,vivisection,original
825,823,Vizier,vizier,vizier,original
826,824,Vlogging,vlogging,vlogging,original
827,825,Voiceless,voiceless,voiceless,original
828,826,Voldemort,voldemort,voldemort,original
829,827,Volunteer,volunteer,volunteer,original
830,828,Vomiting,vomiting,vomiting,original
831,829,Voodoo,voodoo,voodoo,original
832,830,Voyeurism,voyeurism,voyeurism,original
833,831,Vulture,vulture,vulture,original
834,832,Waiter/Waitress,waiter/waitress,waiter-waitress,original
835,832,Waiter,waiter,waiter,slash_variant
836,832,Waitress,waitress,waitress,slash_variant
837,833,Waiting,waiting,waiting,original
838,834,Walker,walker,walker,original
839,835,Walking,walking,walking,original
840,836,Wall,wall,wall,original
841,837,Wallet,wallet,wallet,original
842,838,Walrus,walrus,walrus,original
843,839,Wander,wander,wander,original
844,840,Wanted,wanted,wanted,original
845,841,War,war,war,original
846,842,Wardrobe,wardrobe,wardrobe,original
847,843,Warning,warning,warning,original
848,844,Warthog,warthog,warthog,original
849,845,Washing,washing,washing,original
850,846,"Washing
Machine",washing machine,washing-machine,original
851,847,Waste,waste,waste,original
852,848,Wat,wat,wat,original
853,849,Watch,watch,watch,original
854,850,Watchdog,watchdog,watchdog,original
855,851,Watching,watching,watching,original
856,852,Wate,wate,wate,original
857,853,Water,water,water,original
858,854,Water,water,water,original
859,855,"Water
B",water b,water-b,original
860,856,"Water
Bending",water bending,water-bending,original
861,857,"Water
Fountain",water fountain,water-fountain,original
862,858,"Water
Gun",water gun,water-gun,original
863,859,"Water
Heater",water heater,water-heater,original
864,860,"Water
Purifier",water purifier,water-purifier,original
865,861,"Water
Skiing",water skiing,water-skiing,original
866,862,Waterbed,waterbed,waterbed,original
867,863,Waterfall,waterfall,waterfall,original
868,864,Watermelon,watermelon,watermelon,original
869,865,Watermill,watermill,watermill,original
870,866,Waterslide,waterslide,waterslide,original
871,867,Waves,waves,waves,original
872,868,Waving,waving,waving,original
873,869,Weak,weak,weak,original
874,870,Wealth,wealth,wealth,original
875,871,Weapons,weapons,weapons,original
876,872,Weather,weather,weather,original
877,873,Weave,weave,weave,original
878,874,Web,web,web,original
879,875,Wedding,wedding,wedding,original
880,876,"Wedding
Dress",wedding dress,wedding-dress,original
881,877,"Wedding
Rehearsal",wedding rehearsal,wedding-rehearsal,original
882,878,Weeds,weeds,weeds,original
883,879,Weeping,weeping,weeping,original
884,880,Weight,weight,weight,original
885,881,Werewolf,werewolf,werewolf,original
886,882,West,west,west,original
887,883,Western,western,western,original
888,884,Weta,weta,weta,original
889,885,Yak,yak,yak,original
890,886,Yard,yard,yard,original
891,887,"Yard
Sale",yard sale,yard-sale,original
892,888,Yarmulke,yarmulke,yarmulke,original
893,889,Yarn,yarn,yarn,original
894,890,Yearn,yearn,yearn,original
895,891,Yeast,yeast,yeast,original
896,892,Yelling,yelling,yelling,original
897,893,Yeti,yeti,yeti,original
898,894,YMCA,ymca,ymca,original
899,895,Yogurt,yogurt,yogurt,original
900,896,Yourself,yourself,yourself,original
901,897,YouTube,youtube,youtube,original
902,898,Yoyo,yoyo,yoyo,original
903,899,Zebra,zebra,zebra,original
904,900,"Zip
Line",zip line,zip-line,original
905,901,Zombie,zombie,zombie,original
906,902,Zoomorphism,zoomorphism,zoomorphism,original
